ft_0,ft_1,class
2.024352230251319218e-01,-9.227852337934842886e-02,0.000000000000000000e+00
1.668258232625816628e-01,-8.102645024882424440e-01,0.000000000000000000e+00
